SYMBOL,UNDERLYING ASSET ,OPEN,HIGH,LOW,PREV. CLOSE,LTP,INDICATIVE CLOSE,CHANGE,% CHANGE,VOLUME,VALUE (Crores),NAV,52W H,52W L,30 D %CHNG,365 D %CHNG
"SILVERBEES","Domestic price of Silver- based on LBMA Silver daily spot fixing price","210.13","213.78","210.06","207.35","213.21","-","5.86","2.83","20830200","441.58","207.32","360.00","106.64","-6.31","91.83"
"GOLDBEES","Gold","118.06","119.52","118.06","117.15","119.50","-","2.35","2.01","14263182","169.60","117.12","148.14","80.02","-2.63","40.75"
"LIQUIDBEES","Government Securities","1,002.98","1,002.98","999.99","999.99","1,000.00","-","0.01","0","1330863","133.08","1,000.00","1,029.99","969.99","0","0"
"LIQUIDCASE","Zerodha Nifty 1D Rate Liquid ETF","115.33","115.33","115.31","115.31","115.31","-","0","0","7854589","90.57","115.31","115.33","102.00","0.4","5.03"
"NIFTYBEES","Nifty 50","284.37","284.37","278.80","278.79","280.15","-","1.36","0.49","2698035","75.70","280.59","302.25","251.70","1.04","-0.02"
"TATSILV","Tata Silver Exchange Traded Fund","21.30","21.72","21.30","21.06","21.66","-","0.6","2.85","34505127","74.26","21.07","35.10","10.44","-6.23","92.15"
"SILVERIETF","Domestic Price of Silver","219.50","226.55","218.66","216.30","222.37","-","6.07","2.81","2850052","62.99","216.35","373.50","111.15","-6.3","92.4"
"HDFCSILVER","HDFC Silver ETF","210.61","213.85","210.03","207.22","213.38","-","6.16","2.97","2085418","44.25","207.43","359.00","106.78","-6.46","90.81"
"GOLDCASE","Zerodha Gold ETF","22.41","22.74","22.39","22.29","22.73","-","0.44","1.97","17346185","39.13","22.29","27.94","15.25","-2.58","40.9"
"TATAGOLD","Tata Gold Exchange Traded Fund","13.85","14.04","13.85","13.77","14.03","-","0.26","1.89","22936984","32.02","13.77","17.70","9.36","-2.55","41.09"
"BANKBEES","Nifty Bank","596.45","600.39","596.45","595.76","597.25","-","1.49","0.25","442009","26.47","600.27","638.99","515.98","-0.73","3.83"
"HDFCSML250","HDFC NIFTY Smallcap 250 ETF","184.15","185.20","184.00","183.29","184.59","-","1.3","0.71","1360444","25.15","183.35","185.20","142.70","1.01","6.89"
"SBISILVER","SBI SILVER ETF","216.37","218.88","215.68","212.30","218.30","-","6","2.83","1105444","24.05","212.46","362.00","105.15","-6.32","91.57"
"ITBEES","Nifty IT TRI","34.70","35.12","34.50","34.70","34.95","-","0.25","0.72","6620636","23.13","34.97","44.27","28.55","13.85","-9.78"
"GOLDIETF","Gold","122.12","123.85","122.12","121.34","123.84","-","2.5","2.06","1817998","22.39","121.31","158.00","82.87","-2.75","41.03"
"PSUBNKBEES","Nifty PSU Bank","94.65","96.00","94.65","94.54","95.35","-","0.81","0.86","2221477","21.22","94.78","110.40","73.82","0.42","23.48"
"SILVERCASE","Commodity-Silver","22.96","22.96","22.26","21.96","22.57","-","0.61","2.78","8645338","19.37","22.29","38.01","11.29","-6.47","91.62"
"SILVER","Physical price of Silver","219.02","222.90","219.02","216.41","222.38","-","5.97","2.76","803425","17.75","216.43","371.89","110.66","-6.33","92.24"
"JUNIORBEES","Nippon India ETF Nifty Next 50 Junior BeES","818.04","818.04","788.00","802.00","804.61","-","2.61","0.33","210110","16.96","802.41","818.04","632.34","2.73","11.55"
"SETFGOLD","Gold","121.55","123.29","121.51","120.97","123.23","-","2.26","1.87","1273609","15.61","120.78","153.95","82.51","-2.58","40.84"
"MIDCAPETF","Mirae Asset Mutual Fund - Mirae Asset Nifty Midcap 150 ETF","24.57","24.57","23.86","23.85","23.89","-","0.04","0.17","5766517","13.78","23.87","24.57","19.60","1.88","9.91"
"LIQUID1","Kotak Nifty 1D Rate Liquid ETF","1,116.72","1,116.74","1,116.72","1,116.59","1,116.72","-","0.13","0.01","121219","13.54","1,116.59","1,136.66","1,030.28","0.41","5.11"
"HDFCGOLD","Gold","122.74","123.43","122.02","121.12","123.40","-","2.28","1.88","1059373","13.01","121.00","152.30","83.43","-2.55","40.94"
"GOLDAXIS","Gold","118.95","120.68","118.95","118.14","120.66","-","2.52","2.13","1071673","12.87","118.04","150.00","80.84","-3.04","0"
"BANKIETF","Nifty Bank","59.50","59.53","59.23","59.07","59.31","-","0.24","0.41","2153486","12.78","59.53","63.90","51.17","-0.82","3.89"
"NIFTYIETF","Nifty 50","279.95","279.95","278.31","277.65","278.83","-","1.18","0.42","447857","12.51","279.15","328.24","250.40","1.16","0.03"
"MID150BEES","Nifty Midcap 150 TRI","245.00","245.00","241.71","241.47","242.08","-","0.61","0.25","507336","12.31","241.37","245.00","190.43","1.95","9.81"
"LIQUIDIETF","S&P BSE Liquid Rate Index","1,000.00","1,000.01","999.99","999.99","1,000.00","-","0.01","0","104178","10.42","1,000.00","1,041.19","969.99","0","0"
"SILVER1","Kotak Silver ETF","21.31","21.67","21.31","21.01","21.62","-","0.61","2.9","4302904","9.24","21.03","38.80","10.70","-6.37","-80.82"
"PSUBNKIETF","ICICI Prudential Nifty PSU Bank ETF","85.96","87.11","85.95","85.40","86.61","-","1.21","1.42","959144","8.33","86.07","104.00","67.86","-0.13","22.79"
"LIQUIDADD","DSP S&P BSE Liquid Rate ETF","1,138.85","1,138.87","1,138.85","1,138.72","1,138.85","-","0.13","0.01","65796","7.49","1,138.72","1,151.22","1,052.08","0.4","5"
"AUTOBEES","Nifty Auto TRI","300.87","304.93","300.78","300.01","303.95","-","3.94","1.31","243268","7.38","300.24","304.93","238.11","7.81","22.76"
"LIQUIDBETF","Bajaj Finserv Nifty 1D Rate Liquid ETF","1,093.12","1,093.26","1,093.12","1,093.12","1,093.25","-","0.13","0.01","66642","7.29","1,093.10","1,116.24","1,009.94","0.39","4.92"
"MODEFENCE","Nifty India Defence Total Return Index","103.29","104.10","103.00","103.07","103.00","-","-0.07","-0.07","701736","7.27","103.42","107.99","77.80","-2.07","20.13"
"METALIETF","Nifty Metal Index","13.10","13.25","13.10","13.10","13.14","-","0.04","0.31","5323455","7.00","13.12","14.17","8.98","3.48","40.56"
"SMALLCAP","Mirae Asset Nifty Smallcap 250 Momentum Quality 100 ETF","47.64","48.16","47.57","47.61","48.03","-","0.42","0.88","1418349","6.82","47.58","54.50","37.34","1.28","4.82"
"SETFNIF50","Nifty 50","263.82","266.26","263.82","263.77","264.60","-","0.83","0.31","249385","6.61","265.17","287.33","237.90","1.13","0"
"MOSMALL250","Motilal Oswal Nifty Smallcap 250 ETF","18.33","18.57","18.23","18.13","18.41","-","0.28","1.54","3478255","6.42","18.28","19.38","14.22","0.33","6.4"
"NEXT50IETF","Nifty Next 50","80.38","80.38","78.35","78.04","78.48","-","0.44","0.56","796719","6.27","78.31","80.38","62.60","2.5","11.31"
"PHARMABEES","Nifty Pharma TRI","27.26","27.56","27.15","27.26","27.29","-","0.03","0.11","2218888","6.04","27.34","27.95","21.46","2.95","19.88"
"LTGILTBEES","NIFTY 8-13 yr G-Sec Index","29.93","30.06","29.93","29.90","30.02","-","0.12","0.4","1778532","5.34","29.94","30.46","27.93","-0.3","3.28"
"GOLDADD","DSP Gold ETF","139.07","140.63","138.71","137.65","140.63","-","2.98","2.16","378880","5.31","137.62","181.00","95.24","-2.69","0"
"SILVERADD","DSP Silver ETF","212.95","215.30","212.12","208.73","214.77","-","6.04","2.89","231049","4.94","208.85","390.00","106.99","-6.37","91.97"
"NIFTYETF","Nifty 50","267.32","268.75","267.28","266.53","267.84","-","1.31","0.49","173835","4.66","267.90","289.05","239.81","1.26","0.26"
"SILVERBETA","UTI Silver Exchange Traded Fund (UTI Silver ETF)","210.01","215.71","210.01","209.33","215.21","-","5.88","2.81","217326","4.64","209.32","379.66","104.33","-6.29","0"
"LIQUIDETF","Nifty1D rate index","1,000.00","1,000.01","999.99","999.99","999.99","-","0","0","42410","4.24","1,000.00","1,025.00","997.55","0","0"
"SILVERAXIS","Axis Silver ETF","218.49","222.00","218.49","215.38","221.31","-","5.93","2.75","190860","4.20","215.55","390.01","106.66","-6.39","0"
"MOREALTY","Motilal Oswal Nifty Realty ETF","89.77","91.56","89.69","89.43","90.83","-","1.4","1.57","455605","4.15","89.29","99.49","64.00","0.77","-2.09"
"LIQUIDPLUS","Nifty 1D Rate Index","1,097.48","1,097.50","1,097.48","1,097.34","1,097.50","-","0.16","0.01","37160","4.08","1,097.35","1,127.08","1,018.24","0.4","5.09"
"HDFCNEXT50","HDFC NIFTY NEXT 50 ETF","75.90","76.59","75.90","75.15","76.01","-","0.86","1.14","535299","4.08","75.86","76.59","59.99","2.08","10.42"
"GOLD1","Gold","118.28","120.88","118.01","118.28","120.60","-","2.32","1.96","324468","3.89","118.20","158.00","80.77","-2.6","40.83"
"SILVERAG","Mirae Asset Silver ETF","213.00","217.56","213.00","211.29","216.91","-","5.62","2.66","168717","3.64","211.08","380.00","104.32","-6.41","0"
"FMCGIETF","Nifty FMCG Index","53.35","53.35","52.93","53.25","53.09","-","-0.16","-0.3","648608","3.44","53.24","62.30","48.55","-0.87","-10.95"
"GOLDETF","Mirae Asset Gold ETF","139.09","140.39","138.92","137.76","140.36","-","2.6","1.89","242775","3.39","137.73","173.50","96.03","-2.44","41.1"
"LIQUID","Mirae Asset Nifty 1D Rate Liquid ETF","1,000.00","1,000.00","999.99","999.99","999.99","-","0","0","33114","3.31","1,000.00","1,024.98","974.99","0","0"
"OILIETF","Nifty Oil & Gas Index","11.35","11.50","11.35","11.36","11.39","-","0.03","0.26","2623785","3.00","11.39","14.00","9.80","0.35","0.8"
"CPSEETF","CPSE ETF","95.99","95.99","94.40","94.62","94.42","-","-0.2","-0.21","289071","2.74","94.92","112.00","85.67","-2.87","5.03"
"LIQGRWBEES","Liquid","1,050.38","1,050.40","1,050.38","1,050.26","1,050.39","-","0.13","0.01","26020","2.73","1,050.26","1,056.29","995.55","0.39","4.8"
"MOCAPITAL","Nifty Capital Market Total Return Index","53.62","53.62","52.69","53.04","52.72","-","-0.32","-0.6","511406","2.71","53.08","57.25","41.15","-4.83","19.06"
"PVTBANIETF","Nifty Private Bank Index","28.00","28.18","27.97","27.99","28.01","-","0.02","0.07","940609","2.64","28.18","30.32","24.18","-1.89","3.25"
"GROWWPOWER","BSE Power Index - TRI","11.70","11.74","11.55","11.65","11.59","-","-0.06","-0.52","2109960","2.45","11.57","13.20","7.75","-1.52","0"
"GROWWGOLD","Commodity","14.03","14.14","13.97","13.85","14.14","-","0.29","2.09","1685142","2.37","13.85","18.00","9.67","-2.53","-85.95"
"HNGSNGBEES","Hang Seng Index","489.22","496.10","489.22","489.22","492.71","-","3.49","0.71","47180","2.32","465.83","579.92","414.00","1.77","15.96"
"AUTOIETF","Nifty Auto Index","29.70","30.52","29.70","29.71","30.39","-","0.68","2.29","762669","2.32","30.07","30.52","23.76","6.22","21.66"
"GROWWSLVR","Commodity-Silver","21.66","21.90","21.58","21.23","21.82","-","0.59","2.78","1036310","2.25","21.26","36.30","10.89","-6.31","-81.04"
"GOLDBETA","Gold","119.95","121.60","119.90","119.30","121.60","-","2.3","1.93","184488","2.23","119.17","149.35","81.35","-2.45","0"
"ALPHA","NIFTY Alpha 50 Index","52.74","53.19","52.74","52.64","53.05","-","0.41","0.78","382256","2.03","52.95","53.60","42.00","2.49","5.87"
"SML100CASE","Nifty Smallcap 100 Index","11.17","11.39","9.01","11.17","11.23","-","0.06","0.54","1735442","1.94","11.15","11.74","8.50","2.67","0"
"LICMFGOLD","Gold","129.45","134.65","128.95","127.95","130.00","-","2.05","1.6","146852","1.92","-","162.00","89.07","-2.22","-98.59"
"ITIETF","Nifty IT Index","34.75","35.24","34.75","34.46","35.00","-","0.54","1.57","503531","1.76","34.99","44.30","28.54","13.32","-10.28"
"CONSUMBEES","Nifty India Consumption TRI","133.57","136.56","133.57","133.57","135.92","-","2.35","1.76","123852","1.69","136.15","144.38","114.00","1.88","2.25"
"MON100","Nasdaq100","321.82","321.82","321.82","316.35","321.82","-","5.47","1.73","49006","1.58","277.15","342.55","197.81","-4.94","57.84"
"LOWVOLIETF","Nifty 100 Low Volatility 30 Index","22.98","22.98","22.78","22.53","22.87","-","0.34","1.51","665294","1.52","22.93","26.81","19.84","1.95","2.97"
"METAL","Nifty Metal Total Return Index","13.12","13.33","13.12","13.12","13.20","-","0.08","0.61","1136832","1.50","13.16","13.97","8.70","3.14","40.47"
"HDFCPSUBK","HDFC NIFTY PSU BANK ETF","84.77","86.89","84.77","84.77","86.20","-","1.43","1.69","170435","1.47","85.84","101.25","67.98","-0.57","22.18"
"ELIQUID","Nifty 1D Rate Index (Debt Index)","1,042.30","1,042.32","1,042.30","1,042.17","1,042.30","-","0.13","0.01","13761","1.43","1,042.18","1,043.00","996.00","0.41","0"
"BSLGOLDETF","Gold","126.14","127.00","125.75","124.71","127.00","-","2.29","1.84","113489","1.43","124.57","155.99","85.74","-2.45","40.84"
"MAFANG","NYSE FANG+ Total Return Index","198.96","198.96","198.96","193.69","198.96","-","5.27","2.72","68183","1.36","173.24","208.38","149.74","1.51","23.51"
"MOM30IETF","ICICI Prudential Nifty 200 Momentum 30 ETF","31.40","31.64","31.40","31.40","31.42","-","0.02","0.06","418780","1.32","31.52","32.90","26.00","1.13","1.91"
"SETFNN50","Nifty Next 50","796.31","802.95","791.53","789.01","798.00","-","8.99","1.14","16144","1.29","795.50","840.00","636.01","1.65","11.1"
"MOGOLD","Domestic Price of Physical Gold","141.15","143.35","141.15","140.30","142.90","-","2.6","1.85","88789","1.26","140.16","175.00","96.30","-2.5","40.93"
"HEALTHIETF","Nifty Healthcare Index","171.54","172.64","170.20","171.54","171.37","-","-0.17","-0.1","72660","1.24","171.92","174.82","138.65","1.56","15.33"
"NIFTYBETA","Nifty 50","271.00","273.50","268.87","270.70","273.01","-","2.31","0.85","44947","1.23","273.06","297.48","244.90","0.65","0"
"NEXT50","Nifty Next 50","769.03","773.40","768.01","765.09","769.27","-","4.18","0.55","15132","1.17","766.08","773.40","617.00","2.67","11.72"
"HDFCNIFTY","Nifty 50","276.78","277.95","276.65","272.18","277.00","-","4.82","1.77","40288","1.12","277.55","301.88","247.56","-0.23","-1.38"
"GROWWEV","Nifty EV and New Age Automotive Index","33.11","33.75","33.11","33.11","33.62","-","0.51","1.54","328963","1.10","33.26","33.75","26.20","5.24","13.31"
"NIFTY1","Nifty 50","272.14","274.00","272.05","272.14","272.73","-","0.59","0.22","40143","1.10","273.32","320.00","244.80","1.34","0.18"
"PSUBANK","Nifty PSU Bank","85.57","86.00","85.12","84.29","85.36","-","1.07","1.27","123762","1.06","84.94","101.00","66.26","-90.02","-87.68"
"NEXT50BETA","Nifty Next 50","80.02","80.78","79.91","79.66","80.23","-","0.57","0.72","126913","1.02","80.14","80.78","64.34","2.15","0"
"ICICIB22","S&P BSE BHARAT 22 index","118.32","118.32","117.30","117.12","117.39","-","0.27","0.23","86143","1.01","117.05","131.00","103.60","-1.39","8.88"
"EVINDIA","Nifty EV and New Age Automotive Total Return Index","33.70","33.85","33.40","33.33","33.76","-","0.43","1.29","294988","0.99","33.38","34.11","26.20","6.01","14.3"
"MOM100","Nifty Midcap 100","67.70","68.83","67.68","68.12","68.47","-","0.35","0.51","141549","0.97","68.52","69.20","56.15","1.44","10.3"
"ITETF","Mirae Asset Nifty IT ETF","33.48","33.49","33.25","33.19","33.38","-","0.19","0.57","284150","0.95","33.36","42.02","27.22","14.13","-9.27"
"MOMENTUM50","Nifty 500 Momentum 50 Total Return Index","55.00","55.00","53.57","53.43","53.65","-","0.22","0.41","173640","0.93","53.64","55.88","44.96","2","3.73"
"EBBETF0430","Nifty BHARAT Bond","1,605.17","1,615.88","1,605.17","1,611.70","1,612.09","-","0.39","0.02","5736","0.92","1,612.11","1,644.19","1,232.00","-0.08","5.21"
"GROWWLIQID","Nifty 1D Rate Index","110.19","110.21","110.19","110.19","110.21","-","0.02","0.02","82145","0.91","110.19","110.90","102.89","0.38","4.8"
"IT","NIFTY IT Index","35.05","35.09","34.78","34.71","34.92","-","0.21","0.61","258417","0.90","34.96","44.49","28.54","13.88","-9.06"
"FINIETF","ICICI Prudential Nifty Financial Services Ex-Bank ETF","33.69","34.36","33.68","33.69","33.88","-","0.19","0.56","256955","0.87","33.80","34.37","27.40","2.21","13.24"
"GILT5YBEES","Nifty 5 yr Benchmark G-Sec Index","66.14","66.50","66.05","66.13","66.31","-","0.18","0.27","131590","0.87","66.19","67.84","61.45","0.14","5.25"
"NIFTYAXIS","Nifty 50","274.95","274.95","272.00","270.96","272.53","-","1.57","0.58","30484","0.83","272.59","296.38","244.00","1.06","0"
"MIDCAPIETF","Nifty Midcap 150","24.21","24.42","24.20","24.21","24.20","-","-0.01","-0.04","340609","0.83","24.16","24.75","19.89","2.02","10.1"
"MOSILVER","Domestic Price of Physical Silver","218.40","220.97","217.62","214.22","220.31","-","6.09","2.84","36034","0.79","214.42","385.00","112.32","-6.22","0"
"GROWWRAIL","Nifty India Railways PSU Index","29.54","29.88","29.34","29.53","29.36","-","-0.17","-0.58","260948","0.77","29.37","36.75","27.80","0.61","-17.86"
"SETFNIFBK","Nifty Bank","594.60","596.20","591.29","590.95","592.69","-","1.74","0.29","12346","0.73","595.53","646.11","465.64","-0.75","3.82"
"HDFCLIQUID","HDFC Nifty 1D Rate Liquid ETF","1,072.54","1,072.54","1,072.33","1,072.20","1,072.34","-","0.14","0.01","6746","0.72","-","1,073.55","1,009.91","0.4","4.91"
"SENSEXIETF","SENSEX","907.00","908.72","903.22","900.68","903.24","-","2.56","0.28","7959","0.72","902.37","999.84","731.00","1.04","-2.48"
"MIDSMALL","Mirae Asset Nifty MidSmallcap400 Momentum Quality 100 ETF","51.64","51.99","51.64","51.65","51.84","-","0.19","0.37","133526","0.69","51.68","52.24","42.41","2.01","5.97"
"MASPTOP50","S&P 500 Top 50 Total Return Index","79.23","79.23","79.23","77.96","79.23","-","1.27","1.63","86562","0.69","67.45","82.78","60.33","0.23","25.78"
"CHEMICAL","Nifty Chemicals Index (TRI)","30.61","30.99","30.53","30.53","30.53","-","0","0","222661","0.68","30.51","31.80","24.50","1.53","0"
"AONELIQUID","Nifty 1D Rate Index","1,071.23","1,071.23","1,071.21","1,071.07","1,071.21","-","0.14","0.01","6223","0.67","1,071.08","1,094.59","989.20","0.4","5.06"
"MAHKTECH","Hang Seng TECH Total Return Index","23.89","23.89","23.89","23.67","23.89","-","0.22","0.93","268492","0.64","19.96","35.59","21.00","8.83","0"
"MONIFTY500","Motilal Oswal Nifty 500 ETF","24.16","24.35","24.16","24.16","24.29","-","0.13","0.54","250881","0.61","24.24","28.28","20.75","1.21","3.34"
"MID150CASE","Zerodha Nifty Midcap 150 ETF","11.96","11.96","11.61","11.73","11.78","-","0.05","0.43","516109","0.61","11.75","13.00","9.63","2","10.56"
"GROWWDEFNC","Nifty India Defence Index- Total Return Index","93.77","94.99","93.77","93.77","93.95","-","0.18","0.19","63753","0.60","94.04","99.44","71.78","-2.17","20.08"
"BSLNIFTY","Nifty 50","28.76","28.99","28.76","28.74","28.82","-","0.08","0.28","206890","0.60","28.87","33.00","25.70","1.13","0.38"
"ALPL30IETF","Nifty Alpha Low-Volatility 30 Index","28.47","28.60","28.39","28.31","28.53","-","0.22","0.78","195015","0.56","28.61","28.72","24.35","2.8","4.35"
"GROWWHOSPI","BSE Hospitals Index","54.03","54.34","53.42","53.81","53.83","-","0.02","0.04","101115","0.54","53.70","55.70","43.35","-1.99","0"
"SBILIQETF","Nifty 1D Rate Index","1,050.47","1,050.47","1,050.45","1,050.33","1,050.47","-","0.14","0.01","4998","0.53","1,050.33","1,087.09","984.99","0.41","0"
"HDFCMID150","HDFC NIFTY Midcap 150 ETF","23.80","23.88","23.65","23.64","23.67","-","0.03","0.13","216913","0.51","23.64","24.00","19.42","1.98","10.11"
"HEALTHAXIS","Nifty Healthcare Index","173.16","173.16","168.93","170.08","169.80","-","-0.28","-0.16","29632","0.50","170.50","173.72","135.20","1.58","0"
"GROWWMETAL","Nifty Metal Index","12.40","12.64","12.25","12.34","12.47","-","0.13","1.05","392770","0.49","12.42","13.45","10.03","2.83","0"
"ESILVER","Edelweiss Silver ETF","218.10","223.18","218.10","216.09","222.28","-","6.19","2.86","20575","0.45","216.54","375.00","107.19","-6.74","91.25"
"DIVOPPBEES","Nifty Dividend Opportunities 50 TRI","79.59","80.23","79.37","79.25","79.57","-","0.32","0.4","54835","0.44","79.61","87.09","72.13","3.28","3.87"
"NIF100BEES","Nifty 100 TRI","273.39","273.91","272.54","272.03","273.30","-","1.27","0.47","15900","0.43","273.05","290.00","240.00","1.54","1.92"
"CASHIETF","BSE Liquid Rate Index","1,073.89","1,073.91","1,073.89","1,073.76","1,073.90","-","0.14","0.01","4035","0.43","1,073.75","1,099.28","1,001.71","0.41","5.06"
"MIDCAP","Nifty Midcap 50 Index","18.75","18.75","18.59","18.57","18.65","-","0.08","0.43","228900","0.43","18.61","19.00","15.01","2.48","-88.74"
"MOVALUE","Motilal Oswal S&P BSE Enhanced Value ETF","115.87","116.20","115.17","115.17","115.36","-","0.19","0.16","35492","0.41","115.18","128.77","98.10","0.59","14.24"
"ALPHAETF","Mirae Asset Nifty 200 Alpha 30 ETF","26.52","26.60","26.44","26.36","26.49","-","0.13","0.49","154295","0.41","26.49","27.00","21.80","1.35","5.74"
"HDFCNIMEG","Nifty Metal Index TRI","133.77","133.77","130.01","142.82","130.73","-","-12.09","-8.47","29607","0.39","130.26","152.55","126.96","0","0"
"HDFCNIFBAN","Nifty Bank","59.25","59.76","59.25","59.24","59.36","-","0.12","0.2","64954","0.39","59.68","65.54","51.20","-0.8","3.91"
"AONETOTAL","Nifty Total Market Index","12.08","12.13","12.01","12.02","12.10","-","0.08","0.67","309274","0.37","12.09","12.51","9.60","1.35","3.89"
"MON50EQUAL","Nifty 50 Equal Weight Total Return Index","34.30","34.35","33.69","34.30","34.30","-","0","0","109062","0.37","34.24","34.88","29.43","3.19","10.43"
"HDFCNIFIT","HDFC NIFTY IT ETF","33.47","33.76","33.46","33.47","33.63","-","0.16","0.48","98261","0.33","33.64","42.30","27.32","14.47","-9.34"
"EBBETF0431","Nifty BHARAT Bond","1,444.00","1,448.61","1,442.01","1,442.72","1,444.31","-","1.59","0.11","2283","0.33","1,441.40","1,469.00","1,363.00","0.1","5.13"
"AONESILVER","Domestic price of Silver","8.37","8.55","8.30","8.29","8.51","-","0.22","2.65","390921","0.33","8.29","12.00","7.43","-7.06","0"
"SENSEXBETA","SENSEX","867.62","876.98","867.62","867.62","871.01","-","3.39","0.39","3749","0.33","869.52","952.91","785.00","0.59","0"
"BANKBETA","Nifty Bank","59.86","60.05","59.68","59.63","59.68","-","0.05","0.08","53032","0.32","59.97","73.70","51.30","-0.52","0"
"NIFTYCASE","Nifty Index 50 Index","10.03","10.03","9.83","9.83","9.88","-","0.05","0.51","318513","0.31","9.89","11.40","8.84","1.13","0"
"SMALL250","Nifty Smallcap 250","18.63","18.63","18.31","18.26","18.37","-","0.11","0.6","169749","0.31","18.24","19.95","14.16","1.39","0"
"MOMMIDCAP","BSE Midcap 150 Momentum 30 TRI","12.88","12.90","12.83","12.80","12.85","-","0.05","0.39","237437","0.31","12.82","12.90","12.21","0","0"
"EQUAL50","Nifty50 Equal Weight","341.18","342.13","340.27","339.49","341.75","-","2.26","0.67","8936","0.31","341.40","342.88","295.16","2.05","9.19"
"NIF100IETF","Nifty 100","28.65","28.92","28.63","28.50","28.66","-","0.16","0.56","105911","0.30","28.72","30.88","23.00","1.06","1.35"
"GROWWNIFTY","Nifty 50 Index - TRI","10.14","10.14","9.90","9.90","9.96","-","0.06","0.61","297133","0.30","9.95","11.88","8.93","0.92","0"
"PSUBANKADD","DSP Nifty PSU Bank ETF","86.20","86.88","86.20","85.35","86.31","-","0.96","1.12","33170","0.29","85.79","99.88","67.80","0.2","23.55"
"COMMOIETF","ICICI Prudential Nifty Commodities ETF","101.52","101.64","101.15","101.02","101.23","-","0.21","0.21","27921","0.28","101.14","110.56","86.79","0.31","14.3"
"SILVER360","Commodity-Silver","213.39","219.56","213.39","213.39","218.85","-","5.46","2.56","12703","0.28","213.30","358.00","105.81","-6.26","91.74"
"MAKEINDIA","Nifty India Manufacturing Total Return Index","167.01","168.86","167.01","167.01","168.30","-","1.29","0.77","15591","0.26","167.84","168.86","138.33","2.84","15.72"
"INFRABEES","Nifty Infra","981.50","987.81","976.60","968.52","977.67","-","9.15","0.94","2646","0.26","974.41","1,018.30","871.35","-1.13","3.69"
"BANKNIFTY1","Nifty Bank","59.00","60.28","58.50","59.69","60.00","-","0.31","0.52","43048","0.26","60.17","65.29","51.71","-0.62","-89.59"
"HDFCPVTBAN","HDFC NIFTY Private Bank ETF","28.36","28.42","28.20","28.28","28.25","-","-0.03","-0.11","89198","0.25","28.43","30.17","24.31","-1.84","3.29"
"MIDSELIETF","S&P BSE Midcap Select Index","19.90","19.90","19.71","19.62","19.80","-","0.18","0.92","126929","0.25","19.67","20.00","14.55","2.62","13.41"
"QGOLDHALF","Gold","118.73","119.72","118.52","117.37","119.68","-","2.31","1.97","20975","0.25","117.34","149.69","80.09","-2.56","41.1"
"TNIDETF","Nifty India Digital Index","90.72","90.76","89.05","89.82","89.99","-","0.17","0.19","27179","0.25","90.73","103.26","74.50","9.84","-1.28"
"AONEGOLD","Domestic price of Gold","13.35","13.50","13.33","13.25","13.50","-","0.25","1.89","175900","0.24","13.24","17.73","10.00","-2.29","0"
"TOP10ADD","Nifty Top 10 Equal Weight Index","90.37","90.37","89.41","89.34","89.50","-","0.16","0.18","26291","0.24","89.87","103.04","83.05","1.52","-6.67"
"INFRAIETF","ICICI Prudential Nifty Infrastructure ETF","97.49","97.75","97.32","97.01","97.39","-","0.38","0.39","23939","0.23","97.00","101.00","86.80","-0.56","4.26"
"BSE500IETF","S&P BSE 500 index","39.90","40.20","39.90","39.90","40.01","-","0.11","0.28","57443","0.23","39.94","42.05","34.50","1.55","3.34"
"VAL30IETF","Nifty200 Value 30 Index","15.57","15.63","15.53","15.44","15.54","-","0.1","0.65","142706","0.22","15.56","17.70","12.27","0","20.06"
"ENERGY","Nifty Energy","39.35","39.35","38.93","38.95","38.97","-","0.02","0.05","56209","0.22","39.02","42.82","29.00","-1.14","0"
"TOP100CASE","Zerodha Nifty 100 ETF","10.95","10.95","10.65","10.75","10.82","-","0.07","0.65","200587","0.22","10.81","11.57","9.48","1.32","2.09"
"MOMIDMTM","Nifty Midcap 150 Momentum 50 Total Return Index","64.67","64.67","64.27","64.22","64.50","-","0.28","0.44","32676","0.21","64.50","70.00","54.78","1.26","2.9"
"EVIETF","Nifty EV & New Age Automotive ETF","33.40","33.86","33.40","33.31","33.69","-","0.38","1.14","61744","0.21","33.34","33.86","26.28","5.81","14.19"
"GOLD360","Commodity-Gold","139.70","141.00","138.30","138.30","140.85","-","2.55","1.84","14656","0.21","138.33","178.00","87.85","-2.67","40.12"
"AONENIFTY","Nifty 50 Index","10.33","10.33","9.84","10.10","10.15","-","0.05","0.5","201198","0.20","10.17","11.06","9.00","1.1","0.2"
"PVTBANKADD","DSP Nifty Private Bank ETF","28.24","28.29","28.14","28.19","28.15","-","-0.04","-0.14","72169","0.20","28.33","31.88","24.02","-1.71","3.68"
"GROWWCAPM","Nifty Capital Markets Index","11.24","11.24","11.05","11.14","11.07","-","-0.07","-0.63","183402","0.20","11.14","12.66","8.02","-4.87","0"
"HEALTHY","Nifty Healthcare TRI","17.21","17.38","17.05","17.20","17.20","-","0","0","113389","0.19","17.24","17.55","13.58","1.65","15.2"
"NIFTYADD","Nifty 50 Index","258.61","260.11","257.27","257.88","259.66","-","1.78","0.69","7437","0.19","259.47","300.00","232.64","1.13","0"
"MONIFTY100","Nifty 100 Total Return Index","25.90","25.96","25.85","25.71","25.92","-","0.21","0.82","73628","0.19","25.90","27.97","22.38","1.34","0"
"GSEC5IETF","Nifty 5 yr Benchmark G-Sec Index","66.40","66.50","65.86","66.50","66.34","-","-0.16","-0.24","27854","0.18","66.32","69.14","62.00","0.99","5.11"
"MID150","Nifty Midcap 150 Index","24.11","24.11","23.65","23.64","23.76","-","0.12","0.51","76608","0.18","-","24.95","18.97","1.9","9.44"
"MOHEALTH","Motilal Oswal S&P BSE Healthcare ETF","51.80","52.00","51.37","51.71","51.72","-","0.01","0.02","35121","0.18","51.54","53.00","40.79","1.59","14.71"
"SETF10GILT","Nifty 10 yr Benchmark G-Sec Index","264.96","265.98","264.96","264.95","265.97","-","1.02","0.38","6707","0.18","264.83","272.31","250.37","0.34","2.42"
"MULTICAP","Nifty500 Multicap 50:25:25 Index","17.00","17.04","16.95","16.90","16.95","-","0.05","0.3","104005","0.18","16.95","17.50","14.20","1.62","5.3"
"HDFCGROWTH","HDFC NIFTY Growth Sectors 15 ETF","122.52","123.69","122.52","122.52","123.17","-","0.65","0.53","14271","0.18","123.56","133.30","107.86","7.52","3.09"
"CONSUMIETF","Nifty India Consumption Index","126.64","126.94","126.40","125.23","126.44","-","1.21","0.97","13809","0.17","126.66","141.27","94.65","2.38","3.06"
"SBIBPB","BSE PSU Bank Index TRI","49.37","49.79","49.28","49.01","49.40","-","0.39","0.8","35068","0.17","49.02","58.27","38.53","0.66","22.71"
"SBIETFQLTY","Nifty 200 Quality 30 Index","227.02","228.75","227.02","227.02","228.26","-","1.24","0.55","7582","0.17","227.82","247.28","194.00","4.08","3.57"
"DEFENCE","BSE India Defence","80.24","80.79","79.07","79.21","79.16","-","-0.05","-0.06","21563","0.17","79.17","82.32","58.91","-1.16","0"
"SBINEQWETF","Nifty50 Equal Weight","34.00","34.43","34.00","33.87","34.35","-","0.48","1.42","49965","0.17","34.32","36.40","29.64","0.95","8.63"
"VALUEAXIS","Nifty500 Value 50 TRI","33.54","33.57","33.41","33.30","33.49","-","0.19","0.57","50458","0.17","33.38","39.00","22.84","0.3","0"
"BANKPSU","Nifty PSU Bank Total Return Index","84.20","86.68","84.20","85.40","86.16","-","0.76","0.89","18898","0.16","85.57","99.52","67.59","0.51","24.22"
"NV20IETF","Nifty50 Value 20","13.86","13.99","13.85","13.85","13.85","-","0","0","116762","0.16","13.91","16.00","12.50","0.29","-2.12"
"ECAPINSURE","BSE Capital Markets & Insurance Total Return Index","24.10","24.16","23.51","23.66","23.66","-","0","0","67746","0.16","23.54","25.88","20.50","-3.74","3.27"
"MOMOMENTUM","Nifty 200 Momentum 30 Total Return Index","62.69","62.97","62.53","62.53","62.53","-","0","0","25228","0.16","62.66","66.28","54.32","1.18","2.19"
"MOENERGY","Nifty Energy Index","39.34","39.34","38.90","38.94","38.90","-","-0.04","-0.1","40462","0.16","38.95","43.00","33.00","-1.04","0"
"CONSUMER","Nifty India New AgeConsumption","12.21","12.32","12.21","12.16","12.27","-","0.11","0.9","127616","0.16","12.21","12.87","9.69","4.02","4.47"
"BANKETF","Mirae Asset Nifty Bank ETF","589.89","591.30","587.46","588.47","588.60","-","0.13","0.02","2651","0.16","590.70","628.27","507.01","-0.37","4.31"
"BFSI","Nifty Financial Services Index","27.96","27.99","27.81","27.80","27.86","-","0.06","0.22","55175","0.15","27.93","29.94","24.03","-0.47","1.98"
"LOWVOL1","Kotak Nifty 100 Low Vol 30 ETF","21.85","21.87","21.75","21.46","21.86","-","0.4","1.86","68796","0.15","21.85","22.90","18.77","1.32","3.42"
"HDFCSENSEX","SENSEX","89.90","89.90","89.12","89.11","89.12","-","0.01","0.01","16755","0.15","89.03","98.48","80.90","1.17","-1.85"
"SHARIABEES","Shariah","475.96","478.97","474.43","473.86","475.45","-","1.59","0.34","3115","0.15","477.58","534.61","433.68","4.33","-3.56"
"HDFCMOMENT","HDFC NIFTY200 Momentum 30 ETF","31.23","31.53","31.12","31.07","31.15","-","0.08","0.26","46492","0.15","31.24","33.23","27.13","0.81","2.04"
"GROWWNET","Index","10.13","10.42","10.13","10.20","10.28","-","0.08","0.78","138887","0.14","10.29","11.40","7.93","5.81","-1.83"
"MOTOUR","Nifty India Tourism Total Return Index","81.17","81.36","80.80","80.12","80.86","-","0.74","0.92","17072","0.14","80.41","95.90","64.00","-0.96","-12.23"
"TOP15IETF","Nifty Top 15 Equal Weight Index","10.13","10.19","10.13","10.07","10.15","-","0.08","0.79","128600","0.13","10.17","11.36","9.15","1.51","-0.59"
"ABSLBANETF","Nifty Bank","59.24","59.51","59.14","59.24","59.14","-","-0.1","-0.17","21482","0.13","59.44","64.94","50.97","-0.4","4.65"
"MNC","Kotak Nifty MNC ETF","34.38","34.68","34.38","34.38","34.63","-","0.25","0.73","35810","0.12","34.46","35.54","27.83","1.72","16.7"
"SELECTIPO","BSE Select IPO Index","47.92","48.08","47.83","47.61","47.93","-","0.32","0.67","25073","0.12","47.71","57.75","37.80","3.93","-2.72"
"FLEXIADD","Nifty500 Flexicap Quality 30 TRI","10.35","10.38","10.32","10.28","10.33","-","0.05","0.49","114849","0.12","10.33","11.90","8.73","5.01","0"
"MOMENTUM30","Nifty 200 Momentum 30 Index","30.93","31.09","30.90","30.85","30.94","-","0.09","0.29","37304","0.12","30.95","37.38","26.91","1.25","0"
"SBIETFIT","Nifty IT Index","351.00","351.00","347.76","347.41","348.54","-","1.13","0.33","3312","0.12","349.06","439.27","285.00","14.29","-9.45"
"EQUAL50ADD","NIFTY 50 Equal Weight Index","353.37","353.37","352.00","349.78","352.00","-","2.22","0.63","3247","0.11","352.76","361.00","304.78","1.88","8.85"
"EBBETF0433","BHARAT Bond ETF-April 2033","1,318.60","1,318.60","1,312.10","1,312.80","1,313.65","-","0.85","0.06","871","0.11","1,316.72","1,345.89","1,242.87","-0.53","4.77"
"BANKADD","DSP Nifty Bank ETF","58.90","59.39","58.90","59.14","59.19","-","0.05","0.08","18520","0.11","59.35","62.90","51.01","-0.34","0"
"MONQ50","Nasdaq Q-50 Total Return Index","142.52","142.52","142.52","140.42","142.52","-","2.1","1.5","6943","0.10","122.40","147.24","77.37","-4.53","76.19"
"CEMNTGROWW","Nifty Cements Index TRI","15.68","15.74","15.44","15.50","15.69","-","0.19","1.23","61716","0.10","15.43","15.97","14.90","0","0"
"HSBCGOLD","Commodity","124.33","125.75","124.00","123.72","125.22","-","1.5","1.21","7592","0.10","123.33","146.40","119.10","-2.31","0"
"GROWWMOM50","Nifty 500 Momentum 50 Index- Total Return Index","11.04","11.04","10.71","10.78","10.88","-","0.1","0.93","87459","0.10","10.86","11.50","9.12","1.51","3.55"
"TECH","Nifty IT TRI Index","34.12","34.67","34.12","34.29","34.50","-","0.21","0.61","26797","0.09","34.47","49.41","28.00","14.38","-8.71"
"GROWWCHEM","Nifty Chemicals Index - TRI","30.24","30.77","30.24","30.02","30.48","-","0.46","1.53","29854","0.09","30.46","31.61","24.64","0.13","0"
"MIDQ50ADD","Nifty Midcap 150 Quality 50 Index","25.52","25.70","25.51","25.46","25.63","-","0.17","0.67","35147","0.09","25.51","25.97","21.00","2.83","-89.79"
"IVZINGOLD","Gold","125.75","125.85","123.85","123.25","125.70","-","2.45","1.99","7113","0.09","123.16","156.00","85.90","-2.88","-98.59"
"GROWWRLTY","Index","10.05","10.28","9.95","10.00","10.20","-","0.2","2","86293","0.09","9.99","11.30","7.17","0.81","0"
"GROWWSC250","Nifty Smallcap 250 Index - TRI","10.64","10.65","10.55","10.54","10.60","-","0.06","0.57","77654","0.08","10.50","10.97","8.00","1.35","0"
"HDFCQUAL","HDFC NIFTY100 Quality 30 ETF","59.75","59.96","59.64","59.44","59.69","-","0.25","0.42","13773","0.08","59.84","61.87","51.91","3.45","4.34"
"NIFTY100EW","Nifty 100 Equal Weight Index","35.85","36.05","35.85","35.79","36.00","-","0.21","0.59","22232","0.08","35.89","41.41","29.84","2.7","10.57"
"INTERNET","Equity Index","13.89","14.00","13.87","13.87","13.94","-","0.07","0.5","56515","0.08","13.89","15.20","10.72","6.86","-0.43"
"SILVERBND","Commodity - Silver","220.58","223.93","220.58","217.74","223.79","-","6.05","2.78","3277","0.07","217.58","389.00","180.00","-6.14","0"
"HDFCBSE500","HDFC S&P BSE 500 ETF","38.24","38.29","38.09","38.09","38.15","-","0.06","0.16","18966","0.07","37.94","40.00","32.65","1.44","4.3"
"GROWWNXT50","Index","76.35","76.35","74.10","75.71","74.95","-","-0.76","-1","9653","0.07","74.53","76.79","60.01","4.1","0"
"HDFCVALUE","HDFC NIFTY50 Value 20 ETF","128.14","128.46","127.92","127.90","128.04","-","0.14","0.11","5394","0.07","128.39","147.05","120.00","0.4","-2.12"
"SENSEXETF","Mirae Asset S&P BSE Sensex ETF","81.29","81.47","81.15","80.93","81.27","-","0.34","0.42","8255","0.07","80.98","88.70","73.33","1.05","-2.31"
"BANKBETF","Bajaj Finserv Nifty Bank ETF","59.00","59.00","58.60","58.60","58.60","-","0","0","10574","0.06","58.93","63.90","50.71","-0.59","3.96"
"GOLDBND","Commodity - Gold","142.25","147.50","142.25","141.87","144.19","-","2.32","1.64","4307","0.06","141.58","180.16","127.96","-2.45","0"
"ABSLPSE","Aditya Birla Sun Life Nifty PSE ETF","10.41","10.41","10.30","10.31","10.30","-","-0.01","-0.1","59315","0.06","10.32","11.60","9.21","-0.58","4.99"
"LTGILTCASE","Nifty 8-13 Yr G-Sec Index","30.75","30.75","30.44","30.49","30.59","-","0.1","0.33","19879","0.06","30.50","31.17","28.71","-0.03","0"
"NEXT50ETF","Nifty Next 50 Index","75.80","75.80","75.06","75.01","75.13","-","0.12","0.16","8022","0.06","74.73","76.50","60.15","2.68","0"
"NV20","Nifty50 Value 20","14.22","14.29","14.18","14.19","14.18","-","-0.01","-0.07","42262","0.06","14.26","16.87","12.62","0.71","-90.21"
"HDFCNIF100","HDFC NIFTY 100 ETF","26.44","26.69","26.44","26.44","26.63","-","0.19","0.72","22431","0.06","26.61","29.00","22.00","0.99","1.89"
"CHOICEGOLD","Gold","140.62","143.49","140.16","140.62","143.49","-","2.87","2.04","4170","0.06","140.66","175.49","115.79","-2.74","0"
"LICNETFN50","Nifty 50","276.00","276.00","275.20","275.44","276.00","-","0.56","0.2","2123","0.06","276.26","295.00","248.17","1.65","0.44"
"SBIETFCON","Nifty India Consumption Index","125.05","126.60","125.05","125.05","126.40","-","1.35","1.08","4406","0.06","126.17","133.97","100.00","2.96","2.89"
"HYBRIDETF","Nifty200 Momentum 30 Plus 8-13 yr G-Sec 50:50 Total Return Index","10.29","10.29","10.11","10.09","10.11","-","0.02","0.2","53921","0.05","10.09","10.29","10.02","0","0"
"MIDCAPBETA","UTI Nifty Midcap 150 Exchange Traded Fund (ETF)","236.96","237.00","236.18","236.96","236.98","-","0.02","0.01","2224","0.05","235.94","237.11","192.50","2.28","0"
"ITAXIS","NIFTY IT Index","350.00","350.98","345.82","346.56","346.72","-","0.16","0.05","1507","0.05","346.88","439.67","230.70","14.77","0"
"HEALTHCARE","Nifty 500 Healthcare Index","21.62","21.70","21.49","21.62","21.66","-","0.04","0.19","23862","0.05","21.69","22.27","17.18","1.6","0"
"MOMGF","Nifty India Manufacturing Total Return Index","163.00","165.80","163.00","161.78","165.60","-","3.82","2.36","3088","0.05","164.61","182.16","137.90","1.34","14"
"ABSL10BANK","BSE Top 10 Banks Index","170.95","170.95","170.50","170.52","170.50","-","-0.02","-0.01","2934","0.05","170.55","214.42","150.00","-1.93","0"
"SBIMIDMOM","Nifty Midcap 150 Momentum 50 Index","64.20","64.20","63.51","63.54","63.65","-","0.11","0.17","7849","0.05","63.66","67.74","53.86","2.09","0"
"QUAL30IETF","ICICI Prudential Nifty 200 Quality 30 ETF","21.80","21.80","21.59","21.44","21.61","-","0.17","0.79","22644","0.05","21.66","23.00","18.00","3.33","3.03"
"NEXT30ADD","BSE SENSEX Next 30 Index","43.80","44.97","43.64","43.73","43.89","-","0.16","0.37","11132","0.05","43.47","45.90","36.98","2.89","13.73"
"MOGSEC","Nifty 5 yr Benchmark G-Sec Index","65.75","66.60","65.12","65.24","66.50","-","1.26","1.93","7380","0.05","65.35","67.33","60.18","0.62","4.99"
"IDFNIFTYET","Nifty 50","271.94","272.89","271.33","271.13","272.35","-","1.22","0.45","1786","0.05","272.12","340.80","244.32","1.13","0.23"
"EGOLD","Edelweiss Gold ETF","142.15","145.05","141.90","141.40","144.10","-","2.7","1.91","3338","0.05","141.59","184.95","98.80","-2.75","40.56"
"AONETMMQ50","Nifty Total Market Momentum Quality 50 TRI","10.20","10.23","10.14","10.15","10.18","-","0.03","0.3","46856","0.05","10.17","10.87","8.00","0.79","0"
"SMALLIETF","Nifty Smallcap 250 Index","18.24","18.38","18.24","18.24","18.36","-","0.12","0.66","25884","0.05","18.22","18.68","17.43","1.11","0"
"LIQUIDSHRI","SHRIRAM NIFTY 1D RATE LIQUID ETF","1,115.97","1,115.98","1,115.97","1,115.83","1,115.97","-","0.14","0.01","424","0.05","1,115.83","1,115.98","1,064.45","0.38","4.83"
"GROWWMC150","Nifty Midcap 150 Index - TRI","234.00","236.32","233.92","234.05","235.70","-","1.65","0.7","1952","0.05","234.07","245.00","193.60","2.56","0"
"ITBETA","UTI Nifty IT ETF","330.85","333.01","330.42","330.06","331.28","-","1.22","0.37","1343","0.04","330.98","409.94","270.68","14.33","0"
"MOM50","Nifty 50","257.77","258.58","257.13","256.27","258.07","-","1.8","0.7","1672","0.04","257.86","279.33","231.11","1.01","-0.07"
"SMALLGROWW","Nifty Smallcap 250 Momentum Quality 100 Index TRI","47.83","48.30","47.83","47.73","48.30","-","0.57","1.19","8955","0.04","47.64","49.00","45.00","1.21","0"
"LIQUIDSBI","SBI NIFTY 1D Rate ETF","999.99","1,000.01","999.99","999.99","1,000.01","-","0.02","0","413","0.04","1,000.00","1,010.02","970.23","0","0"
"MIDCAPADD","Nifty Midcap 150 Index","23.47","23.52","23.41","23.40","23.49","-","0.09","0.38","17490","0.04","23.40","25.50","19.27","1.92","0"
"EMULTIMQ","Nifty500 Multicap Momentum Quality 50 Total Return Index","41.75","41.75","41.50","41.55","41.59","-","0.04","0.1","9668","0.04","41.53","43.54","36.25","0.31","0.17"
"MOMENTUM","Aditya Birla Sun Life Nifty 200 Momentum 30 ETF","31.36","31.41","31.24","31.21","31.24","-","0.03","0.1","12584","0.04","31.35","33.00","27.05","1.07","2.03"
"SMALLADD","Nifty Smallcap 250 Index","18.29","18.47","18.29","18.25","18.45","-","0.2","1.1","20955","0.04","18.29","18.74","14.01","0.88","0"
"NIFTYBETF","Bajaj Finserv Nifty 50 ETF","253.00","254.10","252.69","251.76","252.69","-","0.93","0.37","1498","0.04","253.43","279.99","227.01","1.13","-0.02"
"ABSLNN50ET","Nifty Next 50","79.55","79.97","77.99","77.99","78.42","-","0.43","0.55","4816","0.04","78.14","79.97","63.02","2.93","11.81"
"SBINMID150","Nifty Midcap 150 Index","23.91","23.91","23.44","23.44","23.49","-","0.05","0.21","15603","0.04","23.40","23.97","19.81","2","0"
"MANUFGBEES","Nifty India Manufacturing TRI","166.46","166.92","165.90","165.99","166.52","-","0.53","0.32","2174","0.04","165.67","171.58","138.60","3.43","0"
"NV20BEES","Nifty50 Value20 TRI","143.14","143.15","141.96","141.85","142.00","-","0.15","0.11","2505","0.04","142.73","160.00","122.02","0.62","-2.53"
"TWCGOLDETF","Commodity","141.20","144.18","141.20","141.39","144.18","-","2.79","1.97","2225","0.03","141.16","187.98","123.31","-2.3","0"
"EBANK10","Index (BSE Top 10 Bank)","17.01","17.10","16.99","16.99","17.03","-","0.04","0.24","18462","0.03","16.94","-","-","0","0"
"HDFCLOWVOL","HDFC NIFTY100 Low Volatility 30 ETF","20.79","21.31","20.79","21.15","21.26","-","0.11","0.52","14765","0.03","21.34","22.28","18.35","2.62","3.73"
"LICNETFGSC","GSEC10 NSE Index","29.58","29.59","29.45","29.44","29.48","-","0.04","0.14","10419","0.03","29.47","30.50","27.42","-0.03","3.52"
"HEALTHADD","DSP Nifty Healthcare ETF","16.90","16.90","16.75","16.84","16.87","-","0.03","0.18","17536","0.03","16.91","17.06","13.54","0.72","-88.53"
"VALUE","Nifty 500 Value 50","16.47","16.49","16.44","16.36","16.45","-","0.09","0.55","17575","0.03","16.39","19.69","14.83","0.62","0"
"SNXT50BETA","BSE Sensex Next 50","96.00","96.92","96.00","95.86","96.75","-","0.89","0.93","2861","0.03","96.02","102.25","77.87","2.25","0"
"MSCIINDIA","MSCI India Index","30.47","30.60","30.45","30.25","30.50","-","0.25","0.83","8952","0.03","30.46","32.14","26.50","1.82","3.1"
"MOALPHA50","Nifty Alpha 50 Total Return Index","55.23","55.38","55.10","54.96","55.31","-","0.35","0.64","4668","0.03","54.97","62.00","42.10","3.52","5.61"
"SBISMLETF","Nifty Smallcap 250 Index","18.36","18.38","18.28","18.23","18.36","-","0.13","0.71","13991","0.03","18.21","18.95","16.53","1.67","0"
"SBIVALETF","Nifty200 Value 30 Index","15.14","15.16","15.10","15.11","15.15","-","0.04","0.26","16584","0.03","15.10","17.70","14.43","0.6","0"
"PVTBKGROWW","Nifty Private Bank Index - TRI","27.79","28.04","27.71","27.71","27.74","-","0.03","0.11","8936","0.02","27.98","29.57","25.45","-1.95","0"
"ELM250","Nifty LargeMidcap 250 TRI","16.88","17.03","16.84","16.84","16.98","-","0.14","0.83","14521","0.02","16.89","19.20","14.43","1.14","0"
"TOP20","Nifty Top 20 Equal Weight","9.14","9.16","9.12","9.10","9.14","-","0.04","0.44","26779","0.02","9.15","9.99","8.00","3.53","0"
"EMETAL","Nifty Metal Total Return Index","13.12","13.28","13.06","13.06","13.11","-","0.05","0.38","18316","0.02","13.02","15.21","12.41","0","0"
"SBIETFPB","Nifty Private Bank Index","285.56","285.56","282.78","283.35","283.74","-","0.39","0.14","829","0.02","284.94","304.58","244.18","-1.75","3.15"
"INSUREIETF","BSE Insurance Index","16.28","16.28","15.70","15.84","15.78","-","-0.06","-0.38","14829","0.02","15.52","-","-","0","0"
"MOSERVICE","Nifty Services Sector Total Return Index","31.80","31.89","31.72","31.65","31.79","-","0.14","0.44","7312","0.02","31.80","35.37","28.30","1.22","0"
"CONS","Kotak Nifty India Consumption ETF","12.60","12.60","12.56","12.53","12.60","-","0.07","0.56","18441","0.02","12.58","13.20","10.20","3.47","-89.58"
"NETF","Tata Nifty 50 Exchange Traded Fund","265.55","268.75","265.55","265.69","266.80","-","1.11","0.42","818","0.02","268.06","292.90","240.66","0.63","0.2"
"MOQUALITY","Motilal Oswal S&P BSE Quality ETF","204.93","206.27","204.93","202.27","206.03","-","3.76","1.86","1030","0.02","204.50","225.60","176.15","0.55","5.85"
"NEXT50ADD","Nifty Next 50 TRI","74.85","75.26","74.84","74.59","74.92","-","0.33","0.44","2803","0.02","74.57","81.00","56.25","3.08","0"
"LIQUIDBETA","Nifty 1D Rate Index","1,002.91","1,002.91","1,002.91","1,002.78","1,002.91","-","0.13","0.01","200","0.02","1,002.79","1,002.91","997.13","0","0"
"BSLSENETFG","BSE SENSEX Index","78.22","79.90","78.22","79.02","79.38","-","0.36","0.46","2483","0.02","79.13","87.82","70.32","1.14","-2.28"
"LICNMID100","LIC MF Nifty Midcap 100 ETF","64.23","64.38","63.94","63.60","64.20","-","0.6","0.94","3056","0.02","63.92","67.50","52.30","1.42","10.44"
"NIFTYQLITY","Aditya Birla Sun Life Nifty 200 Quality 30 ETF","21.65","21.89","21.61","21.71","21.85","-","0.14","0.64","7902","0.02","21.88","23.03","18.95","3.83","3.43"
"UNIONGOLD","Commodity Gold","140.50","141.85","140.50","138.50","141.25","-","2.75","1.99","1214","0.02","138.73","177.00","93.75","-2.67","40.47"
"DIVIDEND","BSE 500 Dividend Leaders","36.67","36.77","36.56","36.52","36.56","-","0.04","0.11","4431","0.02","36.49","38.03","33.15","4.19","0"
"ESG","NIFTY100 ESG SECTOR LEADERS","42.47","42.60","42.41","42.17","42.46","-","0.29","0.69","3814","0.02","42.48","45.06","37.52","1.18","-0.31"
"GROWWN200","Nifty 200 Index- Total Return Index","11.59","11.62","11.51","11.53","11.59","-","0.06","0.52","13835","0.02","11.57","12.14","9.91","1.5","3.32"
"SNXT30BEES","BSE Sensex Next 30 Index","43.47","43.80","43.47","43.68","43.75","-","0.07","0.16","3533","0.02","43.34","44.20","36.83","3.48","13.87"
"MOLOWVOL","Nifty Midcap 100 TRI","38.25","38.25","37.41","37.50","37.66","-","0.16","0.43","3622","0.01","37.38","43.07","33.52","0.48","0.59"
"SENSEXAXIS","AXIS S&P BSE SENSEX ETF","83.00","83.00","80.22","81.31","81.83","-","0.52","0.64","1660","0.01","81.44","91.35","73.52","0.38","0"
"ELMDIV","Index (BSE LargeMid (60:40) Stable Dividend 50)","37.15","37.15","36.85","36.68","36.85","-","0.17","0.46","3414","0.01","36.68","-","-","0","0"
"BBETF0432","Nifty BHARAT Bond Index - April 2032","1,359.47","1,359.75","1,355.11","1,352.71","1,359.72","-","7.01","0.52","91","0.01","1,354.36","1,378.00","1,262.29","-0.21","5.02"
"IVZINNIFTY","Nifty 50","286.70","286.70","281.04","280.01","282.43","-","2.42","0.86","437","0.01","282.45","315.00","251.10","-89.9","-89.97"
"FMCGADD","Nifty FMCG Index (TRI)","49.51","49.71","49.50","49.45","49.59","-","0.14","0.28","2420","0.01","49.73","51.09","47.87","-1.69","0"
"EQUAL200","BSE 200 Equal Weight","14.09","14.14","14.06","14.02","14.07","-","0.05","0.36","8308","0.01","11.88","14.60","11.75","2.19","9.28"
"BNKETFAXIS","Nifty Bank","596.42","598.60","594.79","594.79","594.79","-","0","0","184","0.01","597.78","647.82","512.51","-0.45","0"
"ITADD","DSP Nifty IT ETF","33.43","33.49","33.24","33.21","33.39","-","0.18","0.54","3293","0.01","33.38","41.92","27.17","14.36","0"
"MOBANK10","BSE Top 10 Banks Total Return Index","17.06","17.16","17.05","17.06","17.13","-","0.07","0.41","6399","0.01","17.07","20.00","15.75","-2.01","0"
"BBNPPGOLD","Baroda BNP Paribas Gold ETF","141.30","141.30","138.55","137.35","140.00","-","2.65","1.93","781","0.01","137.16","184.05","94.50","-2.35","40.73"
"MOMNC","Nifty MNC ETF Total Return Index","33.48","33.65","33.48","33.32","33.65","-","0.33","0.99","3119","0.01","33.38","35.80","27.03","1.52","0"
"GROWWPSE","Nifty PSE Index - TRI","100.31","100.48","99.49","99.82","99.49","-","-0.33","-0.33","949","0.01","99.77","109.85","93.20","-0.44","0"
"MOPSE","Nifty PSE Total Return Index","101.17","101.65","101.00","101.41","101.00","-","-0.41","-0.4","859","0.01","100.99","114.70","92.55","-0.25","5.1"
"INFRA","Nifty India Infrastructure & Logistics","12.32","12.34","12.28","12.20","12.28","-","0.08","0.66","6908","0.01","12.22","13.27","10.14","-1.37","0"
"ESENSEX","BSE Sensex TRI","79.90","79.90","79.10","78.85","79.56","-","0.71","0.9","1048","0.01","78.99","88.05","71.87","0.88","0"
"GROWWPSUBK","Nifty PSU Bank Index - TRI","85.13","85.95","85.10","84.94","85.88","-","0.94","1.11","958","0.01","85.09","91.19","77.57","0.18","0"
"MOINFRA","BSE India Infrastructure Total Return Index","62.47","62.47","60.83","60.73","60.96","-","0.23","0.38","1225","0.01","60.78","66.00","54.60","-3.39","3.46"
"ENIFTY","Nifty 50 TRI","23.66","24.93","23.66","24.27","24.80","-","0.53","2.18","3004","0.01","24.81","27.99","22.28","-0.7","0"
"ABSLMSCIN","MSCI India Index","29.40","30.25","29.40","30.00","30.19","-","0.19","0.63","2408","0.01","30.13","35.34","26.34","1.45","0"
"QNIFTY","Nifty 50","271.40","271.60","271.00","269.84","271.20","-","1.36","0.5","242","0.01","271.09","291.19","243.20","1.14","-89.99"
"EBANKNIFTY","Edelweiss Nifty Bank ETF","58.00","58.69","58.00","58.00","58.50","-","0.5","0.86","1102","0.01","58.46","69.39","50.05","-0.99","3.74"
"BBNPNBETF","Baroda BNP Paribas NIFTY Bank ETF","58.16","58.62","58.16","58.16","58.60","-","0.44","0.76","1020","0.01","58.43","62.77","50.03","-0.27","4.12"
"PVTBANK","Index","27.88","27.92","27.80","28.00","27.80","-","-0.2","-0.71","1818","0.01","27.94","28.31","27.01","0","0"
"SENSEXADD","DSP S&P BSE Sensex ETF","81.17","81.48","81.03","81.15","81.03","-","-0.12","-0.15","613","0.00","80.93","88.20","73.27","1.18","-1.92"
"BANK10ADD","BSE Top 10 Banks Index (TRI)","17.10","17.13","17.07","17.02","17.07","-","0.05","0.29","2685","0.00","17.06","18.99","12.08","-1.85","0"
"CONSUMAXIS","NIFTY India Consumption Index","125.83","126.34","125.70","125.21","125.93","-","0.72","0.58","316","0.00","125.82","131.85","105.63","3.62","0"
"MOIPO","BSE Select IPO Total Return Index","47.96","48.09","47.89","47.96","47.89","-","-0.07","-0.15","696","0.00","47.73","53.00","36.50","4.62","0"
"ABSLLIQUID","Aditya Birla Sun Life CRISIL Overnight Fund AI ETF","1,000.00","1,000.01","1,000.00","1,000.00","1,000.01","-","0.01","0","32","0.00","1,000.00","1,044.99","999.56","0","0"
"BANK10BETF","Index","20.97","21.14","20.89","20.79","20.97","-","0.18","0.87","1230","0.00","21.00","24.90","20.17","0","0"
"MONEXT50","Nifty Next 50 Total Return Index","74.27","74.80","74.23","74.13","74.23","-","0.1","0.13","329","0.00","74.11","74.80","59.43","2.72","11.79"
"GROWWLOVOL","Nifty 500 Low Volatility 50 Index   TRI","10.66","10.94","10.63","10.66","10.68","-","0.02","0.19","2271","0.00","10.70","11.10","9.39","3","7.14"
"QUALITY30","Nifty200 Quality 30 Index","21.17","21.27","21.17","21.21","21.25","-","0.04","0.19","1002","0.00","21.24","23.18","18.09","4.43","5.31"
"ENEXT50","Nifty Next 50 Total Return Index","74.00","74.80","73.97","74.00","74.41","-","0.41","0.55","287","0.00","73.93","74.80","68.59","2.69","0"
"MSCI360","MSCI India Index","10.31","10.35","10.31","10.26","10.34","-","0.08","0.78","2002","0.00","10.30","11.60","9.60","1.18","0"
"LOWVOL","Mirae Asset Nifty 100 Low Volatility 30 ETF","213.00","213.72","213.00","211.92","213.51","-","1.59","0.75","48","0.00","213.61","219.10","183.58","2.35","3.91"
"MSCIADD","MSCI India Index","30.27","30.27","30.11","30.15","30.11","-","-0.04","-0.13","195","0.00","30.15","33.82","26.40","1.69","0"
"NPBET","Nifty Private Bank Index","289.42","289.72","287.29","286.86","288.12","-","1.26","0.44","20","0.00","289.09","307.00","246.26","-2.02","3.02"
"LICNFNHGP","Nifty 100","282.87","283.20","281.07","281.47","281.07","-","-0.4","-0.14","19","0.00","282.07","296.41","248.02","1.62","2.48"
"GILT10BETA","UTI Nifty 10 yr Benchmark G-Sec ETF","26.65","26.88","26.34","26.35","26.34","-","-0.01","-0.04","161","0.00","26.61","27.14","25.10","-0.3","0"
"LICNETFSEN","SENSEX","890.66","891.74","890.66","888.00","891.74","-","3.74","0.42","4","0.00","886.38","974.02","803.00","0.92","-1.77"
"ABGSEC","Aditya Birla Sun Life CRISIL Broad Based Gilt ETF","115.26","115.26","114.67","114.16","114.68","-","0.52","0.46","22","0.00","114.34","116.23","108.00","-0.72","3.48"
"GSEC10IETF","ICICI Prudential Nifty 10 yr Benchmark G-Sec ETF","264.50","265.44","264.50","264.50","265.44","-","0.94","0.36","7","0.00","264.34","266.00","252.23","-0.56","2.52"
"GSEC10YEAR","Mirae Asset Nifty 8-13 yr G-Sec ETF","30.48","30.59","30.48","30.25","30.59","-","0.34","1.12","17","0.00","30.46","31.33","28.39","-0.82","3.42"
"GILT5BETA","UTI Nifty 5 yr Benchmark G-Sec ETF","-","-","-","65.71","65.71","-","0","0","0","-","66.39","66.99","61.51","-1.44","0"
"GSEC10ABSL","CRISIL 10 Year Gilt ETF","-","-","-","113.27","113.27","-","0","0","0","-","112.62","115.00","107.65","0.62","3.14"